x	y	key	showSelected1	showSelected2	PANEL
0	3.2167876190031	1	constante 0.001	0	1
1	3.21196773773965	1	constante 0.001	1	1
2	3.20715813215425	1	constante 0.001	2	1
3	3.20235877815768	1	constante 0.001	3	1
4	3.19756965172775	1	constante 0.001	4	1
5	3.19279072890913	1	constante 0.001	5	1
6	3.1880219858131	1	constante 0.001	6	1
7	3.18326339861728	1	constante 0.001	7	1
8	3.17851494356546	1	constante 0.001	8	1
9	3.17377659696731	1	constante 0.001	9	1
10	3.16904833519821	1	constante 0.001	10	1
11	3.16433013469897	1	constante 0.001	11	1
12	3.15962197197565	1	constante 0.001	12	1
13	3.15492382359929	1	constante 0.001	13	1
14	3.15023566620571	1	constante 0.001	14	1
15	3.1455574764953	1	constante 0.001	15	1
16	3.14088923123277	1	constante 0.001	16	1
17	3.13623090724692	1	constante 0.001	17	1
18	3.13158248143046	1	constante 0.001	18	1
19	3.12694393073977	1	constante 0.001	19	1
20	3.12231523219464	1	constante 0.001	20	1
21	3.11769636287814	1	constante 0.001	21	1
22	3.11308729993631	1	constante 0.001	22	1
23	3.10848802057801	1	constante 0.001	23	1
24	3.10389850207467	1	constante 0.001	24	1
25	3.09931872176009	1	constante 0.001	25	1
26	3.09474865703022	1	constante 0.001	26	1
27	3.09018828534293	1	constante 0.001	27	1
28	3.08563758421785	1	constante 0.001	28	1
29	3.08109653123611	1	constante 0.001	29	1
30	3.07656510404014	1	constante 0.001	30	1
31	3.07204328033346	1	constante 0.001	31	1
32	3.06753103788051	1	constante 0.001	32	1
33	3.06302835450636	1	constante 0.001	33	1
34	3.05853520809661	1	constante 0.001	34	1
35	3.05405157659708	1	constante 0.001	35	1
36	3.04957743801367	1	constante 0.001	36	1
37	3.04511277041215	1	constante 0.001	37	1
38	3.04065755191793	1	constante 0.001	38	1
39	3.03621176071587	1	constante 0.001	39	1
40	3.0317753750501	1	constante 0.001	40	1
0	3.2167876190031	1	constante 0.01	0	1
1	3.16882028060149	1	constante 0.01	1	1
2	3.12186968879722	1	constante 0.01	2	1
3	3.07591220429976	1	constante 0.01	3	1
4	3.03092483773402	1	constante 0.01	4	1
5	2.9868852273786	1	constante 0.01	5	1
6	2.94377161782947	1	constante 0.01	6	1
7	2.90156283954552	1	constante 0.01	7	1
8	2.86023828923497	1	constante 0.01	8	1
9	2.81977791104353	1	constante 0.01	9	1
10	2.78016217850707	1	constante 0.01	10	1
11	2.74137207723342	1	constante 0.01	11	1
12	2.70338908827983	1	constante 0.01	12	1
13	2.66619517219399	1	constante 0.01	13	1
14	2.6297727536883	1	constante 0.01	14	1
15	2.59410470691851	1	constante 0.01	15	1
16	2.55917434133912	1	constante 0.01	16	1
17	2.52496538810965	1	constante 0.01	17	1
18	2.49146198702669	1	constante 0.01	18	1
19	2.45864867395813	1	constante 0.01	19	1
20	2.42651036875725	1	constante 0.01	20	1
21	2.39503236363496	1	constante 0.01	21	1
22	2.36420031197012	1	constante 0.01	22	1
23	2.33400021753834	1	constante 0.01	23	1
24	2.30441842414099	1	constante 0.01	24	1
25	2.27544160561663	1	constante 0.01	25	1
26	2.24705675621847	1	constante 0.01	26	1
27	2.21925118134163	1	constante 0.01	27	1
28	2.19201248858523	1	constante 0.01	28	1
29	2.16532857913488	1	constante 0.01	29	1
30	2.13918763945175	1	constante 0.01	30	1
31	2.11357813325519	1	constante 0.01	31	1
32	2.08848879378645	1	constante 0.01	32	1
33	2.06390861634157	1	constante 0.01	33	1
34	2.03982685106219	1	constante 0.01	34	1
35	2.01623299597344	1	constante 0.01	35	1
36	1.99311679025867	1	constante 0.01	36	1
37	1.9704682077612	1	constante 0.01	37	1
38	1.94827745070383	1	constante 0.01	38	1
39	1.92653494361706	1	constante 0.01	39	1
40	1.90523132746764	1	constante 0.01	40	1
0	3.2167876190031	1	constante 0.1	0	1
1	2.76026165827874	1	constante 0.1	1	1
2	2.3949639373209	1	constante 0.1	2	1
3	2.10137781588509	1	constante 0.1	3	1
4	1.86471348753184	1	constante 0.1	4	1
5	1.67354222581898	1	constante 0.1	5	1
6	1.51890341402001	1	constante 0.1	6	1
7	1.39369751290353	1	constante 0.1	7	1
8	1.29225770124639	1	constante 0.1	8	1
9	1.21003736540495	1	constante 0.1	9	1
10	1.14337568309043	1	constante 0.1	10	1
11	1.08931788595634	1	constante 0.1	11	1
12	1.04547514374025	1	constante 0.1	12	1
13	1.0099140051954	1	constante 0.1	13	1
14	0.981068404920464	1	constante 0.1	14	1
15	0.957669205815568	1	constante 0.1	15	1
16	0.938687546390661	1	constante 0.1	16	1
17	0.923289157453185	1	constante 0.1	17	1
18	0.910797452245146	1	constante 0.1	18	1
19	0.900663665553015	1	constante 0.1	19	1
20	0.892442673913201	1	constante 0.1	20	1
21	0.885773404203757	1	constante 0.1	21	1
22	0.880362953431975	1	constante 0.1	22	1
23	0.875973713157326	1	constante 0.1	23	1
24	0.872412928114253	1	constante 0.1	24	1
25	0.869524227775988	1	constante 0.1	25	1
26	0.867180757485281	1	constante 0.1	26	1
27	0.865279606700497	1	constante 0.1	27	1
28	0.863737289237545	1	constante 0.1	28	1
29	0.862486076787355	1	constante 0.1	29	1
30	0.861471024569338	1	constante 0.1	30	1
31	0.860647558435558	1	constante 0.1	31	1
32	0.859979517428362	1	constante 0.1	32	1
33	0.859437565812589	1	constante 0.1	33	1
34	0.858997904838083	1	constante 0.1	34	1
35	0.858641227655634	1	constante 0.1	35	1
36	0.858351871490062	1	constante 0.1	36	1
37	0.858117129837862	1	constante 0.1	37	1
38	0.857926694484895	1	constante 0.1	38	1
39	0.857772202840873	1	constante 0.1	39	1
40	0.857646870712415	1	constante 0.1	40	1
0	3.2167876190031	1	constante 1	0	1
1	0.966270340933756	1	constante 1	1	1
2	1.14004065231896	1	constante 1	2	1
3	1.59118515445383	1	constante 1	3	1
4	2.76169341873986	1	constante 1	4	1
5	3.33474465641764	1	constante 1	5	1
6	3.33474465641764	1	constante 1	6	1
7	3.33474465641764	1	constante 1	7	1
8	3.33474465641764	1	constante 1	8	1
9	3.33474465641764	1	constante 1	9	1
10	3.33474465641764	1	constante 1	10	1
11	3.33474465641764	1	constante 1	11	1
12	3.33474465641764	1	constante 1	12	1
13	3.33474465641764	1	constante 1	13	1
14	3.33474465641764	1	constante 1	14	1
15	3.33474465641764	1	constante 1	15	1
16	3.33474465641764	1	constante 1	16	1
17	3.33474465641764	1	constante 1	17	1
18	3.33474465641764	1	constante 1	18	1
19	3.33474465641764	1	constante 1	19	1
20	3.33474465641764	1	constante 1	20	1
21	3.33474465641764	1	constante 1	21	1
22	3.33474465641764	1	constante 1	22	1
23	3.33474465641764	1	constante 1	23	1
24	3.33474465641764	1	constante 1	24	1
25	3.33474465641764	1	constante 1	25	1
26	3.33474465641764	1	constante 1	26	1
27	3.33474465641764	1	constante 1	27	1
28	3.33474465641764	1	constante 1	28	1
29	3.33474465641764	1	constante 1	29	1
30	3.33474465641764	1	constante 1	30	1
31	3.33474465641764	1	constante 1	31	1
32	3.33474465641764	1	constante 1	32	1
33	3.33474465641764	1	constante 1	33	1
34	3.33474465641764	1	constante 1	34	1
35	3.33474465641764	1	constante 1	35	1
36	3.33474465641764	1	constante 1	36	1
37	3.33474465641764	1	constante 1	37	1
38	3.33474465641764	1	constante 1	38	1
39	3.33474465641764	1	constante 1	39	1
40	3.33474465641764	1	constante 1	40	1
0	3.63676932370551	1	lin.bas 0.001	0	2
1	3.63008442188478	1	lin.bas 0.001	1	2
2	3.62341887599365	1	lin.bas 0.001	2	2
3	3.61677261587304	1	lin.bas 0.001	3	2
4	3.61014557166863	1	lin.bas 0.001	4	2
5	3.60353767382942	1	lin.bas 0.001	5	2
6	3.59694885310621	1	lin.bas 0.001	6	2
7	3.59037904055022	1	lin.bas 0.001	7	2
8	3.58382816751158	1	lin.bas 0.001	8	2
9	3.57729616563794	1	lin.bas 0.001	9	2
10	3.57078296687301	1	lin.bas 0.001	10	2
11	3.56428850345513	1	lin.bas 0.001	11	2
12	3.55781270791589	1	lin.bas 0.001	12	2
13	3.55135551307867	1	lin.bas 0.001	13	2
14	3.5449168520573	1	lin.bas 0.001	14	2
15	3.5384966582546	1	lin.bas 0.001	15	2
16	3.53209486536102	1	lin.bas 0.001	16	2
17	3.52571140735328	1	lin.bas 0.001	17	2
18	3.51934621849296	1	lin.bas 0.001	18	2
19	3.51299923332515	1	lin.bas 0.001	19	2
20	3.50667038667708	1	lin.bas 0.001	20	2
21	3.50035961365678	1	lin.bas 0.001	21	2
22	3.49406684965173	1	lin.bas 0.001	22	2
23	3.48779203032749	1	lin.bas 0.001	23	2
24	3.48153509162643	1	lin.bas 0.001	24	2
25	3.47529596976633	1	lin.bas 0.001	25	2
26	3.46907460123912	1	lin.bas 0.001	26	2
27	3.46287092280952	1	lin.bas 0.001	27	2
28	3.45668487151377	1	lin.bas 0.001	28	2
29	3.45051638465832	1	lin.bas 0.001	29	2
30	3.4443653998185	1	lin.bas 0.001	30	2
31	3.4382318548373	1	lin.bas 0.001	31	2
32	3.43211568782403	1	lin.bas 0.001	32	2
33	3.42601683715308	1	lin.bas 0.001	33	2
34	3.41993524146264	1	lin.bas 0.001	34	2
35	3.41387083965343	1	lin.bas 0.001	35	2
36	3.40782357088746	1	lin.bas 0.001	36	2
37	3.40179337458679	1	lin.bas 0.001	37	2
38	3.39578019043226	1	lin.bas 0.001	38	2
39	3.38978395836226	1	lin.bas 0.001	39	2
40	3.38380461857152	1	lin.bas 0.001	40	2
0	3.63676932370551	1	lin.bas 0.01	0	2
1	3.57035660535393	1	lin.bas 0.01	1	2
2	3.50584799463134	1	lin.bas 0.01	2	2
3	3.44317537227125	1	lin.bas 0.01	3	2
4	3.38227353645146	1	lin.bas 0.01	4	2
5	3.32308006416649	1	lin.bas 0.01	5	2
6	3.26553517951231	1	lin.bas 0.01	6	2
7	3.20958162853182	1	lin.bas 0.01	7	2
8	3.15516456028748	1	lin.bas 0.01	8	2
9	3.10223141384456	1	lin.bas 0.01	9	2
10	3.0507318108647	1	lin.bas 0.01	10	2
11	3.00061745352498	1	lin.bas 0.01	11	2
12	2.95184202749204	1	lin.bas 0.01	12	2
13	2.904361109695	1	lin.bas 0.01	13	2
14	2.85813208065368	1	lin.bas 0.01	14	2
15	2.81311404113138	1	lin.bas 0.01	15	2
16	2.76926773289319	1	lin.bas 0.01	16	2
17	2.7265554633619	1	lin.bas 0.01	17	2
18	2.68494103397448	1	lin.bas 0.01	18	2
19	2.64438967205188	1	lin.bas 0.01	19	2
20	2.60486796600471	1	lin.bas 0.01	20	2
21	2.56634380370637	1	lin.bas 0.01	21	2
22	2.52878631387375	1	lin.bas 0.01	22	2
23	2.49216581030376	1	lin.bas 0.01	23	2
24	2.456453738822	1	lin.bas 0.01	24	2
25	2.42162262680677	1	lin.bas 0.01	25	2
26	2.38764603515891	1	lin.bas 0.01	26	2
27	2.35449851259459	1	lin.bas 0.01	27	2
28	2.32215555214424	1	lin.bas 0.01	28	2
29	2.29059354974688	1	lin.bas 0.01	29	2
30	2.25978976483483	1	lin.bas 0.01	30	2
31	2.22972228280903	1	lin.bas 0.01	31	2
32	2.2003699793103	1	lin.bas 0.01	32	2
33	2.17171248619674	1	lin.bas 0.01	33	2
34	2.14373015914197	1	lin.bas 0.01	34	2
35	2.11640404677338	1	lin.bas 0.01	35	2
36	2.08971586127351	1	lin.bas 0.01	36	2
37	2.06364795037175	1	lin.bas 0.01	37	2
38	2.03818327065709	1	lin.bas 0.01	38	2
39	2.01330536214636	1	lin.bas 0.01	39	2
40	1.9889983240455	1	lin.bas 0.01	40	2
0	3.63676932370551	1	lin.bas 0.1	0	2
1	3.01627212575969	1	lin.bas 0.1	1	2
2	2.5564057318841	1	lin.bas 0.1	2	2
3	2.20709644719707	1	lin.bas 0.1	3	2
4	1.93669051788071	1	lin.bas 0.1	4	2
5	1.72440571717073	1	lin.bas 0.1	5	2
6	1.5560561892492	1	lin.bas 0.1	6	2
7	1.4215935237031	1	lin.bas 0.1	7	2
8	1.31366303608609	1	lin.bas 0.1	8	2
9	1.22673344703955	1	lin.bas 0.1	9	2
10	1.15655512640855	1	lin.bas 0.1	10	2
11	1.09981029839154	1	lin.bas 0.1	11	2
12	1.05387824976061	1	lin.bas 0.1	12	2
13	1.01667159796553	1	lin.bas 0.1	13	2
14	0.986518065348834	1	lin.bas 0.1	14	2
15	0.962072541006652	1	lin.bas 0.1	15	2
16	0.942250093931081	1	lin.bas 0.1	16	2
17	0.926174006581867	1	lin.bas 0.1	17	2
18	0.913134914722306	1	lin.bas 0.1	18	2
19	0.902558368050193	1	lin.bas 0.1	19	2
20	0.893978900522803	1	lin.bas 0.1	20	2
21	0.887019206042714	1	lin.bas 0.1	21	2
22	0.8813733599807	1	lin.bas 0.1	22	2
23	0.876793270535131	1	lin.bas 0.1	23	2
24	0.873077721718495	1	lin.bas 0.1	24	2
25	0.870063503201882	1	lin.bas 0.1	25	2
26	0.867618224608887	1	lin.bas 0.1	26	2
27	0.865634491673119	1	lin.bas 0.1	27	2
28	0.864025184673002	1	lin.bas 0.1	28	2
29	0.862719629707001	1	lin.bas 0.1	29	2
30	0.861660493532478	1	lin.bas 0.1	30	2
31	0.86080126498553	1	lin.bas 0.1	31	2
32	0.86010421204173	1	lin.bas 0.1	32	2
33	0.859538724619642	1	lin.bas 0.1	33	2
34	0.859079970252754	1	lin.bas 0.1	34	2
35	0.858707803540756	1	lin.bas 0.1	35	2
36	0.858405881460499	1	lin.bas 0.1	36	2
37	0.858160945670717	1	lin.bas 0.1	37	2
38	0.857962240285294	1	lin.bas 0.1	38	2
39	0.857801039542808	1	lin.bas 0.1	39	2
40	0.857670264628196	1	lin.bas 0.1	40	2
0	3.63676932370551	1	lin.bas 1	0	2
1	1.79479590125106	1	lin.bas 1	1	2
2	3.28966294887148	1	lin.bas 1	2	2
3	3.77572427665938	1	lin.bas 1	3	2
4	3.77572427665938	1	lin.bas 1	4	2
5	3.77572427665938	1	lin.bas 1	5	2
6	3.77572427665938	1	lin.bas 1	6	2
7	3.77572427665938	1	lin.bas 1	7	2
8	3.77572427665938	1	lin.bas 1	8	2
9	3.77572427665938	1	lin.bas 1	9	2
10	3.77572427665938	1	lin.bas 1	10	2
11	3.77572427665938	1	lin.bas 1	11	2
12	3.77572427665938	1	lin.bas 1	12	2
13	3.77572427665938	1	lin.bas 1	13	2
14	3.77572427665938	1	lin.bas 1	14	2
15	3.77572427665938	1	lin.bas 1	15	2
16	3.77572427665938	1	lin.bas 1	16	2
17	3.77572427665938	1	lin.bas 1	17	2
18	3.77572427665938	1	lin.bas 1	18	2
19	3.77572427665938	1	lin.bas 1	19	2
20	3.77572427665938	1	lin.bas 1	20	2
21	3.77572427665938	1	lin.bas 1	21	2
22	3.77572427665938	1	lin.bas 1	22	2
23	3.77572427665938	1	lin.bas 1	23	2
24	3.77572427665938	1	lin.bas 1	24	2
25	3.77572427665938	1	lin.bas 1	25	2
26	3.77572427665938	1	lin.bas 1	26	2
27	3.77572427665938	1	lin.bas 1	27	2
28	3.77572427665938	1	lin.bas 1	28	2
29	3.77572427665938	1	lin.bas 1	29	2
30	3.77572427665938	1	lin.bas 1	30	2
31	3.77572427665938	1	lin.bas 1	31	2
32	3.77572427665938	1	lin.bas 1	32	2
33	3.77572427665938	1	lin.bas 1	33	2
34	3.77572427665938	1	lin.bas 1	34	2
35	3.77572427665938	1	lin.bas 1	35	2
36	3.77572427665938	1	lin.bas 1	36	2
37	3.77572427665938	1	lin.bas 1	37	2
38	3.77572427665938	1	lin.bas 1	38	2
39	3.77572427665938	1	lin.bas 1	39	2
40	3.77572427665938	1	lin.bas 1	40	2
0	10.565493787302	1	lin.haut 0.001	0	3
1	10.5342744218986	1	lin.haut 0.001	1	3
2	10.5031793318005	1	lin.haut 0.001	2	3
3	10.4722079454233	1	lin.haut 0.001	3	3
4	10.4413596940115	1	lin.haut 0.001	4	3
5	10.4106340116238	1	lin.haut 0.001	5	3
6	10.3800303351192	1	lin.haut 0.001	6	3
7	10.3495481041421	1	lin.haut 0.001	7	3
8	10.3191867611085	1	lin.haut 0.001	8	3
9	10.2889457511919	1	lin.haut 0.001	9	3
10	10.2588245223087	1	lin.haut 0.001	10	3
11	10.2288225251048	1	lin.haut 0.001	11	3
12	10.1989392129414	1	lin.haut 0.001	12	3
13	10.169174041881	1	lin.haut 0.001	13	3
14	10.1395264706737	1	lin.haut 0.001	14	3
15	10.1099959607439	1	lin.haut 0.001	15	3
16	10.0805819761758	1	lin.haut 0.001	16	3
17	10.0512839837006	1	lin.haut 0.001	17	3
18	10.0221014526826	1	lin.haut 0.001	18	3
19	9.99303385510587	1	lin.haut 0.001	19	3
20	9.96408066556092	1	lin.haut 0.001	20	3
21	9.93524136123126	1	lin.haut 0.001	21	3
22	9.90651542188029	1	lin.haut 0.001	22	3
23	9.87790232983811	1	lin.haut 0.001	23	3
24	9.84940156998842	1	lin.haut 0.001	24	3
25	9.82101262975548	1	lin.haut 0.001	25	3
26	9.79273499909118	1	lin.haut 0.001	26	3
27	9.76456817046212	1	lin.haut 0.001	27	3
28	9.73651163883679	1	lin.haut 0.001	28	3
29	9.70856490167283	1	lin.haut 0.001	29	3
30	9.68072745890431	1	lin.haut 0.001	30	3
31	9.65299881292914	1	lin.haut 0.001	31	3
32	9.62537846859645	1	lin.haut 0.001	32	3
33	9.59786593319415	1	lin.haut 0.001	33	3
34	9.57046071643645	1	lin.haut 0.001	34	3
35	9.54316233045154	1	lin.haut 0.001	35	3
36	9.51597028976924	1	lin.haut 0.001	36	3
37	9.48888411130878	1	lin.haut 0.001	37	3
38	9.46190331436663	1	lin.haut 0.001	38	3
39	9.43502742060437	1	lin.haut 0.001	39	3
40	9.40825595403664	1	lin.haut 0.001	40	3
0	10.565493787302	1	lin.haut 0.01	0	3
1	10.2561027779233	1	lin.haut 0.01	1	3
2	9.95888288701729	1	lin.haut 0.01	2	3
3	9.67328145399465	1	lin.haut 0.01	3	3
4	9.39877282534847	1	lin.haut 0.01	4	3
5	9.13485699200313	1	lin.haut 0.01	5	3
6	8.88105829631009	1	lin.haut 0.01	6	3
7	8.63692420511261	1	lin.haut 0.01	7	3
8	8.40202414548582	1	lin.haut 0.01	8	3
9	8.17594839993316	1	lin.haut 0.01	9	3
10	7.95830705798596	1	lin.haut 0.01	10	3
11	7.74872902130989	1	lin.haut 0.01	11	3
12	7.5468610595714	1	lin.haut 0.01	12	3
13	7.35236691445813	1	lin.haut 0.01	13	3
14	7.16492644938179	1	lin.haut 0.01	14	3
15	6.98423484251909	1	lin.haut 0.01	15	3
16	6.81000182096663	1	lin.haut 0.01	16	3
17	6.64195093390058	1	lin.haut 0.01	17	3
18	6.47981886274007	1	lin.haut 0.01	18	3
19	6.32335476641631	1	lin.haut 0.01	19	3
20	6.17231965994715	1	lin.haut 0.01	20	3
21	6.02648582460938	1	lin.haut 0.01	21	3
22	5.88563624808865	1	lin.haut 0.01	22	3
23	5.74956409307072	1	lin.haut 0.01	23	3
24	5.61807219281618	1	lin.haut 0.01	24	3
25	5.49097257233618	1	lin.haut 0.01	25	3
26	5.36808599385766	1	lin.haut 0.01	26	3
27	5.24924152533387	1	lin.haut 0.01	27	3
28	5.13427613082016	1	lin.haut 0.01	28	3
29	5.02303428159553	1	lin.haut 0.01	29	3
30	4.91536758696801	1	lin.haut 0.01	30	3
31	4.81113444375661	1	lin.haut 0.01	31	3
32	4.71019970349413	1	lin.haut 0.01	32	3
33	4.61243435644462	1	lin.haut 0.01	33	3
34	4.51771523157529	1	lin.haut 0.01	34	3
35	4.42592471166747	1	lin.haut 0.01	35	3
36	4.33695046279272	1	lin.haut 0.01	36	3
37	4.25068517741992	1	lin.haut 0.01	37	3
38	4.16702633045729	1	lin.haut 0.01	38	3
39	4.08587594756851	1	lin.haut 0.01	39	3
40	4.0071403851364	1	lin.haut 0.01	40	3
0	10.565493787302	1	lin.haut 0.1	0	3
1	7.7518481590476	1	lin.haut 0.1	1	3
2	5.9147362155699	1	lin.haut 0.1	2	3
3	4.66760194978853	1	lin.haut 0.1	3	3
4	3.78866498947435	1	lin.haut 0.1	4	3
5	3.14813682304874	1	lin.haut 0.1	5	3
6	2.66809837599878	1	lin.haut 0.1	6	3
7	2.30028305549524	1	lin.haut 0.1	7	3
8	2.01369481050757	1	lin.haut 0.1	8	3
9	1.78764362976336	1	lin.haut 0.1	9	3
10	1.60777748687574	1	lin.haut 0.1	10	3
11	1.4637815868892	1	lin.haut 0.1	11	3
12	1.34801329680926	1	lin.haut 0.1	12	3
13	1.2546685107438	1	lin.haut 0.1	13	3
14	1.17925484841813	1	lin.haut 0.1	14	3
15	1.11824590721959	1	lin.haut 0.1	15	3
16	1.0688453390297	1	lin.haut 0.1	16	3
17	1.02881979015106	1	lin.haut 0.1	17	3
18	0.996376659457585	1	lin.haut 0.1	18	3
19	0.970072183618594	1	lin.haut 0.1	19	3
20	0.948740831821096	1	lin.haut 0.1	20	3
21	0.931440189651113	1	lin.haut 0.1	21	3
22	0.917407426756411	1	lin.haut 0.1	22	3
23	0.906024625796227	1	lin.haut 0.1	23	3
24	0.896791007431424	1	lin.haut 0.1	24	3
25	0.889300589932606	1	lin.haut 0.1	25	3
26	0.88322417038098	1	lin.haut 0.1	26	3
27	0.878294764133765	1	lin.haut 0.1	27	3
28	0.874295823807166	1	lin.haut 0.1	28	3
29	0.871051698951499	1	lin.haut 0.1	29	3
30	0.868419905742805	1	lin.haut 0.1	30	3
31	0.866284860824448	1	lin.haut 0.1	31	3
32	0.864552800635441	1	lin.haut 0.1	32	3
33	0.863147661208298	1	lin.haut 0.1	33	3
34	0.862007736463279	1	lin.haut 0.1	34	3
35	0.861082967685363	1	lin.haut 0.1	35	3
36	0.860332744845889	1	lin.haut 0.1	36	3
37	0.859724123048568	1	lin.haut 0.1	37	3
38	0.859230375685952	1	lin.haut 0.1	38	3
39	0.858829820720529	1	lin.haut 0.1	39	3
40	0.858504868521293	1	lin.haut 0.1	40	3
0	10.565493787302	1	lin.haut 1	0	3
1	10.4554840579621	1	lin.haut 1	1	3
2	11.050843233241	1	lin.haut 1	2	3
3	11.050843233241	1	lin.haut 1	3	3
4	11.050843233241	1	lin.haut 1	4	3
5	11.050843233241	1	lin.haut 1	5	3
6	11.050843233241	1	lin.haut 1	6	3
7	11.050843233241	1	lin.haut 1	7	3
8	11.050843233241	1	lin.haut 1	8	3
9	11.050843233241	1	lin.haut 1	9	3
10	11.050843233241	1	lin.haut 1	10	3
11	11.050843233241	1	lin.haut 1	11	3
12	11.050843233241	1	lin.haut 1	12	3
13	11.050843233241	1	lin.haut 1	13	3
14	11.050843233241	1	lin.haut 1	14	3
15	11.050843233241	1	lin.haut 1	15	3
16	11.050843233241	1	lin.haut 1	16	3
17	11.050843233241	1	lin.haut 1	17	3
18	11.050843233241	1	lin.haut 1	18	3
19	11.050843233241	1	lin.haut 1	19	3
20	11.050843233241	1	lin.haut 1	20	3
21	11.050843233241	1	lin.haut 1	21	3
22	11.050843233241	1	lin.haut 1	22	3
23	11.050843233241	1	lin.haut 1	23	3
24	11.050843233241	1	lin.haut 1	24	3
25	11.050843233241	1	lin.haut 1	25	3
26	11.050843233241	1	lin.haut 1	26	3
27	11.050843233241	1	lin.haut 1	27	3
28	11.050843233241	1	lin.haut 1	28	3
29	11.050843233241	1	lin.haut 1	29	3
30	11.050843233241	1	lin.haut 1	30	3
31	11.050843233241	1	lin.haut 1	31	3
32	11.050843233241	1	lin.haut 1	32	3
33	11.050843233241	1	lin.haut 1	33	3
34	11.050843233241	1	lin.haut 1	34	3
35	11.050843233241	1	lin.haut 1	35	3
36	11.050843233241	1	lin.haut 1	36	3
37	11.050843233241	1	lin.haut 1	37	3
38	11.050843233241	1	lin.haut 1	38	3
39	11.050843233241	1	lin.haut 1	39	3
40	11.050843233241	1	lin.haut 1	40	3
0	4.34985657761719	1	quad. 0.001	0	4
1	4.34598958204791	1	quad. 0.001	1	4
2	4.34213168136077	1	quad. 0.001	2	4
3	4.33828285010415	1	quad. 0.001	3	4
4	4.3344430629155	1	quad. 0.001	4	4
5	4.33061229452104	1	quad. 0.001	5	4
6	4.32679051973529	1	quad. 0.001	6	4
7	4.32297771346076	1	quad. 0.001	7	4
8	4.31917385068757	1	quad. 0.001	8	4
9	4.31537890649305	1	quad. 0.001	9	4
10	4.31159285604139	1	quad. 0.001	10	4
11	4.30781567458327	1	quad. 0.001	11	4
12	4.30404733745552	1	quad. 0.001	12	4
13	4.30028782008069	1	quad. 0.001	13	4
14	4.29653709796676	1	quad. 0.001	14	4
15	4.29279514670674	1	quad. 0.001	15	4
16	4.28906194197831	1	quad. 0.001	16	4
17	4.28533745954349	1	quad. 0.001	17	4
18	4.28162167524826	1	quad. 0.001	18	4
19	4.27791456502222	1	quad. 0.001	19	4
20	4.27421610487821	1	quad. 0.001	20	4
21	4.27052627091201	1	quad. 0.001	21	4
22	4.26684503930195	1	quad. 0.001	22	4
23	4.26317238630857	1	quad. 0.001	23	4
24	4.2595082882743	1	quad. 0.001	24	4
25	4.25585272162307	1	quad. 0.001	25	4
26	4.25220566286002	1	quad. 0.001	26	4
27	4.24856708857113	1	quad. 0.001	27	4
28	4.24493697542286	1	quad. 0.001	28	4
29	4.24131530016188	1	quad. 0.001	29	4
30	4.23770203961466	1	quad. 0.001	30	4
31	4.23409717068718	1	quad. 0.001	31	4
32	4.2305006703646	1	quad. 0.001	32	4
33	4.22691251571088	1	quad. 0.001	33	4
34	4.22333268386852	1	quad. 0.001	34	4
35	4.21976115205819	1	quad. 0.001	35	4
36	4.21619789757839	1	quad. 0.001	36	4
37	4.21264289780519	1	quad. 0.001	37	4
38	4.20909613019182	1	quad. 0.001	38	4
39	4.20555757226841	1	quad. 0.001	39	4
40	4.20202720164167	1	quad. 0.001	40	4
0	4.34985657761719	1	quad. 0.01	0	4
1	4.31139154373172	1	quad. 0.01	1	4
2	4.27382457002578	1	quad. 0.01	2	4
3	4.23713080182563	1	quad. 0.01	3	4
4	4.20128624189502	1	quad. 0.01	4	4
5	4.16626771461589	1	quad. 0.01	5	4
6	4.13205283184963	1	quad. 0.01	6	4
7	4.09861996039546	1	quad. 0.01	7	4
8	4.06594819096695	1	quad. 0.01	8	4
9	4.03401730861159	1	quad. 0.01	9	4
10	4.00280776450199	1	quad. 0.01	10	4
11	3.97230064903119	1	quad. 0.01	11	4
12	3.94247766614771	1	quad. 0.01	12	4
13	3.91332110886947	1	quad. 0.01	13	4
14	3.88481383591859	1	quad. 0.01	14	4
15	3.85693924942207	1	quad. 0.01	15	4
16	3.82968127362627	1	quad. 0.01	16	4
17	3.80302433457547	1	quad. 0.01	17	4
18	3.77695334070759	1	quad. 0.01	18	4
19	3.75145366432228	1	quad. 0.01	19	4
20	3.72651112387897	1	quad. 0.01	20	4
21	3.70211196708464	1	quad. 0.01	21	4
22	3.67824285473294	1	quad. 0.01	22	4
23	3.65489084525835	1	quad. 0.01	23	4
24	3.63204337997092	1	quad. 0.01	24	4
25	3.60968826893872	1	quad. 0.01	25	4
26	3.58781367748685	1	quad. 0.01	26	4
27	3.56640811328355	1	quad. 0.01	27	4
28	3.54546041398511	1	quad. 0.01	28	4
29	3.52495973541311	1	quad. 0.01	29	4
30	3.5048955402384	1	quad. 0.01	30	4
31	3.48525758714795	1	quad. 0.01	31	4
32	3.46603592047144	1	quad. 0.01	32	4
33	3.44722086024605	1	quad. 0.01	33	4
34	3.42880299269869	1	quad. 0.01	34	4
35	3.41077316112593	1	quad. 0.01	35	4
36	3.39312245715317	1	quad. 0.01	36	4
37	3.37584221235513	1	quad. 0.01	37	4
38	3.35892399022088	1	quad. 0.01	38	4
39	3.34235957844733	1	quad. 0.01	39	4
40	3.32614098154605	1	quad. 0.01	40	4
0	4.34985657761719	1	quad. 0.1	0	4
1	3.98569841949305	1	quad. 0.1	1	4
2	3.70041653254359	1	quad. 0.1	2	4
3	3.47451847438871	1	quad. 0.1	3	4
4	3.29428150422283	1	quad. 0.1	4	4
5	3.14971446742356	1	quad. 0.1	5	4
6	3.03333525264066	1	quad. 0.1	6	4
7	2.93941426687789	1	quad. 0.1	7	4
8	2.8634891600364	1	quad. 0.1	8	4
9	2.80204128268953	1	quad. 0.1	9	4
10	2.75227150788834	1	quad. 0.1	10	4
11	2.71193927603091	1	quad. 0.1	11	4
12	2.67924343656362	1	quad. 0.1	12	4
13	2.65273181419771	1	quad. 0.1	13	4
14	2.63123124786194	1	quad. 0.1	14	4
15	2.61379269296506	1	quad. 0.1	15	4
16	2.59964770009571	1	quad. 0.1	16	4
17	2.58817366222007	1	quad. 0.1	17	4
18	2.57886592382373	1	quad. 0.1	18	4
19	2.5713153194954	1	quad. 0.1	19	4
20	2.56519004218105	1	quad. 0.1	20	4
21	2.56022098295877	1	quad. 0.1	21	4
22	2.55618986474542	1	quad. 0.1	22	4
23	2.55291963038744	1	quad. 0.1	23	4
24	2.55026665296702	1	quad. 0.1	24	4
25	2.5481144207504	1	quad. 0.1	25	4
26	2.54636841646002	1	quad. 0.1	26	4
27	2.54495196436305	1	quad. 0.1	27	4
28	2.54380286191328	1	quad. 0.1	28	4
29	2.54287064754264	1	quad. 0.1	29	4
30	2.54211438435559	1	quad. 0.1	30	4
31	2.54150086225597	1	quad. 0.1	31	4
32	2.54100313947659	1	quad. 0.1	32	4
33	2.54059935942234	1	quad. 0.1	33	4
34	2.54027179084698	1	quad. 0.1	34	4
35	2.54000604920209	1	quad. 0.1	35	4
36	2.53979046495801	1	quad. 0.1	36	4
37	2.53961557115412	1	quad. 0.1	37	4
38	2.53947368767308	1	quad. 0.1	38	4
39	2.53935858398213	1	quad. 0.1	39	4
40	2.53926520553069	1	quad. 0.1	40	4
0	4.34985657761719	1	quad. 1	0	4
1	2.75749306943605	1	quad. 1	1	4
2	3.1058864277031	1	quad. 1	2	4
3	4.01002131056553	1	quad. 1	3	4
4	6.35582700996271	1	quad. 1	4	4
5	6.54665510018431	1	quad. 1	5	4
6	6.54665510018431	1	quad. 1	6	4
7	6.54665510018431	1	quad. 1	7	4
8	6.54665510018431	1	quad. 1	8	4
9	6.54665510018431	1	quad. 1	9	4
10	6.54665510018431	1	quad. 1	10	4
11	6.54665510018431	1	quad. 1	11	4
12	6.54665510018431	1	quad. 1	12	4
13	6.54665510018431	1	quad. 1	13	4
14	6.54665510018431	1	quad. 1	14	4
15	6.54665510018431	1	quad. 1	15	4
16	6.54665510018431	1	quad. 1	16	4
17	6.54665510018431	1	quad. 1	17	4
18	6.54665510018431	1	quad. 1	18	4
19	6.54665510018431	1	quad. 1	19	4
20	6.54665510018431	1	quad. 1	20	4
21	6.54665510018431	1	quad. 1	21	4
22	6.54665510018431	1	quad. 1	22	4
23	6.54665510018431	1	quad. 1	23	4
24	6.54665510018431	1	quad. 1	24	4
25	6.54665510018431	1	quad. 1	25	4
26	6.54665510018431	1	quad. 1	26	4
27	6.54665510018431	1	quad. 1	27	4
28	6.54665510018431	1	quad. 1	28	4
29	6.54665510018431	1	quad. 1	29	4
30	6.54665510018431	1	quad. 1	30	4
31	6.54665510018431	1	quad. 1	31	4
32	6.54665510018431	1	quad. 1	32	4
33	6.54665510018431	1	quad. 1	33	4
34	6.54665510018431	1	quad. 1	34	4
35	6.54665510018431	1	quad. 1	35	4
36	6.54665510018431	1	quad. 1	36	4
37	6.54665510018431	1	quad. 1	37	4
38	6.54665510018431	1	quad. 1	38	4
39	6.54665510018431	1	quad. 1	39	4
40	6.54665510018431	1	quad. 1	40	4
0	10.2028555177635	1	sin 0.001	0	5
1	10.190192896167	1	sin 0.001	1	5
2	10.1775566499581	1	sin 0.001	2	5
3	10.1649467203181	1	sin 0.001	3	5
4	10.1523630485784	1	sin 0.001	4	5
5	10.1398055762206	1	sin 0.001	5	5
6	10.1272742448759	1	sin 0.001	6	5
7	10.1147689963243	1	sin 0.001	7	5
8	10.1022897724946	1	sin 0.001	8	5
9	10.0898365154635	1	sin 0.001	9	5
10	10.0774091674554	1	sin 0.001	10	5
11	10.0650076708421	1	sin 0.001	11	5
12	10.0526319681417	1	sin 0.001	12	5
13	10.0402820020189	1	sin 0.001	13	5
14	10.027957715284	1	sin 0.001	14	5
15	10.0156590508928	1	sin 0.001	15	5
16	10.0033859519457	1	sin 0.001	16	5
17	9.99113836168794	1	sin 0.001	17	5
18	9.97891622350839	1	sin 0.001	18	5
19	9.96671948093961	1	sin 0.001	19	5
20	9.95454807765722	1	sin 0.001	20	5
21	9.94240195747947	1	sin 0.001	21	5
22	9.93028106436681	1	sin 0.001	22	5
23	9.91818534242145	1	sin 0.001	23	5
24	9.90611473588689	1	sin 0.001	24	5
25	9.89406918914752	1	sin 0.001	25	5
26	9.88204864672816	1	sin 0.001	26	5
27	9.87005305329364	1	sin 0.001	27	5
28	9.85808235364835	1	sin 0.001	28	5
29	9.8461364927358	1	sin 0.001	29	5
30	9.83421541563824	1	sin 0.001	30	5
31	9.82231906757616	1	sin 0.001	31	5
32	9.81044739390791	1	sin 0.001	32	5
33	9.79860034012929	1	sin 0.001	33	5
34	9.78677785187305	1	sin 0.001	34	5
35	9.77497987490855	1	sin 0.001	35	5
36	9.7632063551413	1	sin 0.001	36	5
37	9.75145723861256	1	sin 0.001	37	5
38	9.73973247149889	1	sin 0.001	38	5
39	9.72803200011175	1	sin 0.001	39	5
40	9.71635577089713	1	sin 0.001	40	5
0	10.2028555177635	1	sin 0.01	0	5
1	10.0768234107929	1	sin 0.01	1	5
2	9.95340241658783	1	sin 0.01	2	5
3	9.83253472625646	1	sin 0.01	3	5
4	9.71416399325124	1	sin 0.01	4	5
5	9.59823528798297	1	sin 0.01	5	5
6	9.48469505418168	1	sin 0.01	6	5
7	9.37349106692569	1	sin 0.01	7	5
8	9.26457239226445	1	sin 0.01	8	5
9	9.15788934836421	1	sin 0.01	9	5
10	9.05339346810913	1	sin 0.01	10	5
11	8.95103746309354	1	sin 0.01	11	5
12	8.85077518894438	1	sin 0.01	12	5
13	8.75256161191559	1	sin 0.01	13	5
14	8.65635277669899	1	sin 0.01	14	5
15	8.56210577539916	1	sin 0.01	15	5
16	8.46977871762187	1	sin 0.01	16	5
17	8.37933070162847	1	sin 0.01	17	5
18	8.29072178651056	1	sin 0.01	18	5
19	8.20391296534165	1	sin 0.01	19	5
20	8.11886613926446	1	sin 0.01	20	5
21	8.0355440924745	1	sin 0.01	21	5
22	7.95391046806248	1	sin 0.01	22	5
23	7.87392974467965	1	sin 0.01	23	5
24	7.79556721399221	1	sin 0.01	24	5
25	7.71878895889203	1	sin 0.01	25	5
26	7.64356183243304	1	sin 0.01	26	5
27	7.56985343746343	1	sin 0.01	27	5
28	7.49763210692571	1	sin 0.01	28	5
29	7.42686688479771	1	sin 0.01	29	5
30	7.35752750764883	1	sin 0.01	30	5
31	7.28958438678714	1	sin 0.01	31	5
32	7.22300859097396	1	sin 0.01	32	5
33	7.15777182968368	1	sin 0.01	33	5
34	7.09384643688753	1	sin 0.01	34	5
35	7.03120535534093	1	sin 0.01	35	5
36	6.96982212135518	1	sin 0.01	36	5
37	6.90967085003479	1	sin 0.01	37	5
38	6.85072622096288	1	sin 0.01	38	5
39	6.79296346431772	1	sin 0.01	39	5
40	6.73635834740419	1	sin 0.01	40	5
0	10.2028555177635	1	sin 0.1	0	5
1	9.00194534748414	1	sin 0.1	1	5
2	8.03656095766757	1	sin 0.1	2	5
3	7.25822566242321	1	sin 0.1	3	5
4	6.6294386308737	1	sin 0.1	4	5
5	6.12077420613116	1	sin 0.1	5	5
6	5.70890509125192	1	sin 0.1	6	5
7	5.37520415484772	1	sin 0.1	7	5
8	5.10472234703585	1	sin 0.1	8	5
9	4.88542079533173	1	sin 0.1	9	5
10	4.7075812907797	1	sin 0.1	10	5
11	4.5633463070733	1	sin 0.1	11	5
12	4.44635581172625	1	sin 0.1	12	5
13	4.35145807264183	1	sin 0.1	13	5
14	4.27447802168801	1	sin 0.1	14	5
15	4.21203096187556	1	sin 0.1	15	5
16	4.16137232275482	1	sin 0.1	16	5
17	4.12027625769885	1	sin 0.1	17	5
18	4.08693741959115	1	sin 0.1	18	5
19	4.05989142014148	1	sin 0.1	19	5
20	4.03795038088478	1	sin 0.1	20	5
21	4.0201506916181	1	sin 0.1	21	5
22	4.00571065265497	1	sin 0.1	22	5
23	3.99399612471365	1	sin 0.1	23	5
24	3.98449266921705	1	sin 0.1	24	5
25	3.97678295079314	1	sin 0.1	25	5
26	3.97052840702629	1	sin 0.1	26	5
27	3.96545437909011	1	sin 0.1	27	5
28	3.96133804952027	1	sin 0.1	28	5
29	3.95799865701138	1	sin 0.1	29	5
30	3.95528955830694	1	sin 0.1	30	5
31	3.95309178846865	1	sin 0.1	31	5
32	3.95130883666758	1	sin 0.1	32	5
33	3.94986240804842	1	sin 0.1	33	5
34	3.94868898553697	1	sin 0.1	34	5
35	3.94773704059798	1	sin 0.1	35	5
36	3.94696477045327	1	sin 0.1	36	5
37	3.94633826239111	1	sin 0.1	37	5
38	3.9458300045544	1	sin 0.1	38	5
39	3.94541767781084	1	sin 0.1	39	5
40	3.9450831756519	1	sin 0.1	40	5
0	10.2028555177635	1	sin 1	0	5
1	4.13484375755082	1	sin 1	1	5
2	4.43893572308197	1	sin 1	2	5
3	5.22869124566947	1	sin 1	3	5
4	7.2777362134323	1	sin 1	4	5
5	12.5940462387908	1	sin 1	5	5
6	13.0264943919477	1	sin 1	6	5
7	13.0264943919477	1	sin 1	7	5
8	13.0264943919477	1	sin 1	8	5
9	13.0264943919477	1	sin 1	9	5
10	13.0264943919477	1	sin 1	10	5
11	13.0264943919477	1	sin 1	11	5
12	13.0264943919477	1	sin 1	12	5
13	13.0264943919477	1	sin 1	13	5
14	13.0264943919477	1	sin 1	14	5
15	13.0264943919477	1	sin 1	15	5
16	13.0264943919477	1	sin 1	16	5
17	13.0264943919477	1	sin 1	17	5
18	13.0264943919477	1	sin 1	18	5
19	13.0264943919477	1	sin 1	19	5
20	13.0264943919477	1	sin 1	20	5
21	13.0264943919477	1	sin 1	21	5
22	13.0264943919477	1	sin 1	22	5
23	13.0264943919477	1	sin 1	23	5
24	13.0264943919477	1	sin 1	24	5
25	13.0264943919477	1	sin 1	25	5
26	13.0264943919477	1	sin 1	26	5
27	13.0264943919477	1	sin 1	27	5
28	13.0264943919477	1	sin 1	28	5
29	13.0264943919477	1	sin 1	29	5
30	13.0264943919477	1	sin 1	30	5
31	13.0264943919477	1	sin 1	31	5
32	13.0264943919477	1	sin 1	32	5
33	13.0264943919477	1	sin 1	33	5
34	13.0264943919477	1	sin 1	34	5
35	13.0264943919477	1	sin 1	35	5
36	13.0264943919477	1	sin 1	36	5
37	13.0264943919477	1	sin 1	37	5
38	13.0264943919477	1	sin 1	38	5
39	13.0264943919477	1	sin 1	39	5
40	13.0264943919477	1	sin 1	40	5
